CVS_locations7899 Wadsworth Blvd Arvada, CO 80003
16910 E Quincy Ave Aurora, CO 80015
1400 S Havana St Aurora, CO 80012
14200 E Ellsworth Ave Aurora, CO 80012
7400 S Gartrell Rd Aurora, CO 80016
15700 E Briarwood Cir Aurora, CO 80016
2800 Pearl St Boulder, CO 80301
2171 Prairie Center Pkwy Brighton, CO 80601
4050 Future Street Castle Rock, CO 80109
5010 Founders Pkwy Castle Rock, CO 80108
3475 North Academy Boulevard Colorado Springs, CO 80917
455 N. Circle Drive Colorado Springs, CO 80909
7353 Rangewood Drive Colorado Springs, CO 80918
5240 N Academy Blvd Colorado Springs, CO 80918
3810 Bloomington St Colorado Springs, CO 80922
9670 Prominent Pt Colorado Springs, CO 80924
3770 Sheridan Blvd Denver, CO 80212
750 16th Street Denver, CO 80202
1900 18th Street Denver, CO 80202
4005 E. 8th Place Denver, CO 80220
7930 Northfield Blvd Denver, CO 80238
7777 E Hampden Ave Denver, CO 80231
1600 California Street Suite 14 Denver, CO 80202
1985 Sheridan Blvd Edgewater, CO 80214
6767 S Clinton St Englewood, CO 80112
105 W Troutman Pkwy Fort Collins, CO 80525
2936 Council Tree Ave Fort Collins, CO 80525
4301 E Virginia Ave Glendale, CO 80246
 RTX 2060 XC GAMING, 6GB GDDR6, HDB Fan Graphics Card 06G-P4-2063-KR,Free Shipping
